img_name,mask_name,img_shape_0,img_shape_1,mask_shape_0,mask_shape_1,ratio,convex_ratio,r_min,r_max,r_mean,r_median,r_std,g_min,g_max,g_mean,g_median,g_std,b_min,b_max,b_mean,b_median,b_std
1.JPG,binary_1.tif,4000,6000,4000,6000,1.8356496666666666,3.694607343088579e-06,0,193,39.89196905869088,24.0,36.25074695745675,3,199,54.88274724719952,37.0,45.31119677847598,5,208,68.08574489687165,56.0,47.955398851745045
2.JPG,binary_2.tif,4000,6000,4000,6000,2.1178385833333335,2.8125944341326876e-06,0,244,35.735146537277366,19.0,34.61711714803009,2,251,52.07965041505904,34.0,42.86612366914757,2,248,63.786497914961615,55.0,42.153507582366785
3.JPG,binary_3.tif,4000,6000,4000,6000,5.5507682916666665,1.18838999622167e-06,0,255,63.38304336756344,52.0,54.823595689308156,0,255,87.79470989278339,86.0,60.05760424323768,3,255,107.17633313530793,114.0,58.77135873718156
4.JPG,binary_4.tif,4000,6000,4000,6000,3.2811019166666666,1.9505736394766324e-06,0,201,50.43253490554413,36.0,37.445620697219006,3,213,71.03185180270272,61.0,46.08575993578402,5,219,87.58824254258334,88.0,46.32258744701816
5.JPG,binary_5.tif,4000,6000,4000,6000,2.2839669166666665,2.5990161870131082e-06,0,245,80.94616982873458,63.0,60.62496157686189,0,250,100.89796363735559,91.0,63.029354606891445,6,255,123.1770030597724,134.0,62.355944159380286
6.JPG,binary_6.tif,4000,6000,4000,6000,1.472151875,4.52767718333308e-06,0,204,68.36625024647194,55.0,48.982371333055475,4,199,84.3832779358328,78.0,51.36793580317763,7,201,100.47562040505902,109.0,49.63504030114972
7.JPG,binary_7.tif,4000,6000,4000,6000,1.40219,5.398050431601016e-06,4,223,50.997989838745305,42.0,34.73129526181651,9,234,72.75433325970106,70.0,36.76008197680118,11,238,91.57896325749209,87.0,41.37874968559628
8.JPG,binary_8.tif,4000,6000,4000,6000,1.8537668333333333,3.4326285938609694e-06,3,183,36.929926550324765,24.0,37.34231347870392,4,171,43.240164786638196,31.0,35.56519093882558,4,168,55.60429406701025,47.0,35.66732309580311
9.JPG,binary_9.tif,4000,6000,4000,6000,1.7895052916666667,4.055309540503516e-06,0,254,68.25091731969026,57.0,54.63180011861349,3,255,71.39061613788154,64.0,51.894715129430246,6,255,87.62007338557522,93.0,52.732799317952306
10.JPG,binary_10.tif,4000,6000,4000,6000,3.96504525,1.8130711190096488e-06,0,255,60.44038193995296,45.0,50.82663964478578,0,255,63.63256362805997,48.0,48.94095558910766,4,255,82.97670029012441,80.0,52.421580903076965
11.JPG,binary_11.tif,4000,6000,4000,6000,3.4280255833333335,2.339622681602927e-06,0,255,82.30172524469496,80.0,46.70092122044808,2,246,89.04904292325656,90.0,42.44465622019857,12,255,120.44338849796112,124.0,45.803679936673696
12.JPG,binary_12.tif,4000,6000,4000,6000,4.539981833333333,1.6485467506783763e-06,0,255,82.70238727648155,73.0,51.19626268048209,0,195,75.59593451619311,72.0,37.5926957726924,10,235,109.42017544264854,108.0,44.65068681391251
13.JPG,binary_13.tif,4000,6000,4000,6000,4.080900791666667,1.64844212035753e-06,0,255,52.593098958333336,43.0,39.571520268579995,3,255,78.35397263071896,71.0,42.87685784035862,5,255,104.91751429738562,100.0,47.95069201817908
14.JPG,binary_14.tif,4000,6000,4000,6000,2.7607345,2.7857334238207843e-06,0,255,99.5560296318751,91.0,51.476520825639454,0,245,107.28282525908945,103.0,48.880828105754325,10,255,137.159940129971,136.0,52.058052457106484
15.JPG,binary_15.tif,4000,6000,4000,6000,3.9604580416666666,1.343248201061057e-06,0,255,80.78055688985422,82.0,41.5175954718133,0,254,94.87885844367403,98.0,45.32117091181814,9,255,123.58951432688693,125.0,51.207615915481725
16.JPG,binary_16.tif,6000,4000,6000,4000,4.2094485,1.3308858927938358e-06,0,255,66.91029623587804,62.0,34.57744720677461,0,255,87.01905489127606,84.0,40.77949541829756,13,255,107.12669792072114,100.0,46.72087409835131
17.JPG,binary_17.tif,4000,6000,4000,6000,3.7054453333333335,1.6074886455702311e-06,0,255,74.72309014084507,66.0,44.37497448299574,0,255,106.66628169014085,110.0,47.31637552320597,3,255,122.81285070422535,117.0,48.48137159819738
18.JPG,binary_18.tif,4000,6000,4000,6000,3.438491583333333,1.5127372872295586e-06,0,255,96.12440825486361,88.0,48.8387449664923,0,255,112.89966185992206,110.0,47.94826171025425,17,255,137.03837207539158,133.0,49.88789876042468
19.JPG,binary_19.tif,4000,6000,4000,6000,3.08888,2.4868624065014855e-06,0,255,65.91770679362557,63.0,33.291459253623856,0,255,88.38125717595008,96.0,38.37863581415881,7,255,107.66460156431503,106.0,37.61886929525813
20.JPG,binary_20.tif,4000,6000,4000,6000,4.9191577083333335,1.3657898773150079e-06,0,255,60.56009644909595,49.0,45.91920867051525,0,255,68.29882627742259,61.0,47.40641279552245,8,255,91.69727136974524,88.0,55.17673290675578
21.JPG,binary_21.tif,4000,6000,4000,6000,3.9819078333333335,1.4835811830370042e-06,0,255,100.20733097693552,97.0,45.57098349712698,3,207,101.78055374482861,104.0,37.92597211324834,14,235,123.07637429846956,119.0,41.17356949408899
22.JPG,binary_22.tif,4000,6000,4000,6000,3.4521426666666666,1.8354960058274316e-06,0,255,103.90161437250016,99.0,66.66994484915942,0,255,105.82878964291963,111.0,59.33762373156722,9,255,146.08903179879465,162.0,68.4192435397954
23.JPG,binary_23.tif,4000,6000,4000,6000,4.187522625,1.7724480622113712e-06,0,255,81.48323538032759,77.0,45.552661355767974,0,255,98.59271587335496,103.0,47.23387425382765,4,255,116.20372155181407,119.0,46.68012376230329
24.JPG,binary_24.tif,4000,6000,4000,6000,5.668620083333333,1.2776138256220029e-06,0,255,50.16551104857299,38.0,39.572557564809976,0,255,51.63431491441637,44.0,34.653588575308454,0,255,77.35826999805597,75.0,44.1364841919306
25.JPG,binary_25.tif,4000,6000,4000,6000,2.864204625,1.714866654529691e-06,0,255,82.66385658035601,87.0,47.791230136855766,0,255,88.2312278855401,93.0,49.10744914858367,4,255,98.57262615448822,103.0,49.209520443925015
26.JPG,binary_26.tif,4000,6000,4000,6000,4.112548291666666,1.610852639941908e-06,0,255,89.83608082821462,86.0,64.94403726542984,2,255,84.50395344343652,87.0,56.551863801877325,3,255,102.49157191961925,110.0,66.54924628065606
27.JPG,binary_27.tif,4000,6000,4000,6000,0.9224304166666667,8.704870017443966e-06,0,255,60.03176149002335,52.0,40.269370113633066,0,255,73.94240878254999,69.0,41.26398317986871,9,255,108.01700955058045,108.0,44.818181233127966
28.JPG,binary_28.tif,4000,6000,4000,6000,1.8713795,3.1431305309245238e-06,0,255,111.49968599193495,111.0,61.911638080460975,4,255,129.38861527952227,141.0,59.317604735833484,9,255,152.47568916506907,170.0,59.95392429036446
29.JPG,binary_29.tif,4000,6000,4000,6000,3.73798675,1.8982049706005573e-06,0,255,68.72074091651429,58.0,50.89894394597426,0,255,78.6028475314415,72.0,54.29438669731922,0,255,95.33711980569785,93.0,57.236789498780425
30.JPG,binary_30.tif,4000,6000,4000,6000,4.4924965,1.6612300411592652e-06,0,255,77.28227596136568,69.0,48.507611069783465,0,255,99.06911752008607,100.0,44.21555971264026,21,255,138.3798908363689,132.0,49.31233198542175
31.JPG,binary_31.tif,4000,6000,4000,6000,2.897341875,2.7322756345132596e-06,0,255,93.56194740567162,95.0,47.63672063629761,0,255,110.84205566006946,120.0,49.40002021304206,8,255,130.80313615044133,139.0,50.07429689633281
32.JPG,binary_32.tif,4000,6000,4000,6000,2.5153625,2.5804418473939603e-06,0,255,74.69413280391991,58.0,58.45082250831513,0,255,76.283416406184,61.0,60.8616971237911,2,255,91.086939258258,81.0,68.51819481173814
33.JPG,binary_33.tif,4000,6000,4000,6000,2.07975875,2.8818006011849353e-06,0,255,55.49679680395623,42.0,44.80968301857826,2,255,70.85525845245272,63.0,50.385320929257716,6,255,84.73465071369456,77.0,55.267635366736165
34.JPG,binary_34.tif,4000,6000,4000,6000,2.0513475,3.1162607183487782e-06,0,255,44.335845401620155,32.0,36.9909169742142,5,255,65.87739034951416,51.0,48.33149801074313,7,255,79.30026208382539,70.0,51.360768548920966
35.JPG,binary_35.tif,4000,6000,4000,6000,1.38139875,6.230565684931462e-06,0,182,48.083975571861494,28.0,47.2021851276119,5,188,57.11564139246543,37.0,49.54143218502322,5,192,71.2880612857077,57.0,48.883767544162055
36.JPG,binary_36.tif,4000,6000,4000,6000,2.41162,2.8728286296493984e-06,5,238,63.46918616946285,65.0,35.499562430911034,7,255,88.43912572254335,97.0,46.2221421554381,9,255,111.74829497391795,118.0,50.74702261561796
37.JPG,binary_37.tif,4000,6000,4000,6000,2.6641125,2.4848677137007514e-06,0,255,91.58747307968413,88.0,53.26071983320733,8,255,117.72198691872059,128.0,62.295756441217904,11,255,142.60352556432957,151.0,63.649250228512784
38.JPG,binary_38.tif,4000,6000,4000,6000,2.95035,2.801089400505147e-06,0,255,73.69265701526938,65.0,44.09892690014207,0,255,92.67999135695764,91.0,45.57876729106329,0,255,111.84182872371075,109.0,47.0269654511382
39.JPG,binary_39.tif,4000,6000,4000,6000,4.2291325,1.7955324011431277e-06,0,255,53.35651800339668,45.0,41.98480314162374,0,255,68.2136465043363,65.0,44.58816868058127,4,255,92.50466791948467,87.0,50.42578035190769
40.JPG,binary_40.tif,4000,6000,4000,6000,3.74881875,1.8014584051081558e-06,0,152,56.04179066405918,52.0,29.16526743057317,5,191,71.09253181418813,72.0,34.21862788442583,8,210,85.4321798033047,90.0,39.00912966809165
41.JPG,binary_41.tif,4000,6000,4000,6000,2.3943225,3.2234931402769538e-06,0,255,77.16804675435327,62.0,52.38133532489914,5,255,97.90795125761045,89.0,55.901935027795396,8,255,107.5233061753377,101.0,55.845213272471106
42.JPG,binary_42.tif,4000,6000,4000,6000,3.379738125,2.091956670493851e-06,0,255,76.25330327922966,68.0,42.863069925177264,0,255,92.4546783487848,91.0,45.368179585141895,3,255,108.27123514192391,102.0,46.35064452495272
43.JPG,binary_43.tif,4000,6000,4000,6000,4.94479,1.2912069011653651e-06,0,255,76.48012857977791,79.0,42.7223091356597,0,255,85.42250403960533,84.0,44.95245864802464,11,255,119.0475448654038,122.0,47.99796880583717
44.JPG,binary_44.tif,4000,6000,4000,6000,3.201355,2.3754162052365216e-06,0,255,88.42585561426334,85.0,45.46596517587922,0,255,103.29353742399702,106.0,45.1959315936269,9,255,127.00183867456124,127.0,48.30789912343073
45.JPG,binary_45.tif,4000,6000,4000,6000,3.47193125,2.0041196244292797e-06,0,250,47.33235609144046,32.0,42.04209301943399,6,217,74.80014689230957,68.0,42.82184800071397,9,235,89.05096857116627,79.0,46.040288134023065
46.JPG,binary_46.tif,4000,6000,4000,6000,5.338286875,1.503887216524898e-06,0,241,68.4666369442725,60.0,44.161856556184176,0,243,84.42244744012564,84.0,42.30267497143755,5,255,98.75631484772913,98.0,45.116983404329694
47.JPG,binary_47.tif,4000,6000,4000,6000,3.08958,2.599795326999131e-06,0,255,109.70195746671068,97.0,66.94287514806337,0,243,82.9542581435017,78.0,52.42729801160636,3,255,94.8547272202047,87.0,59.198221012850674
48.JPG,binary_48.tif,4000,6000,4000,6000,2.434325625,3.3990847551807035e-06,4,255,110.66532671651106,101.0,66.23459967379456,4,237,89.05055583925835,87.0,54.26655384488815,6,255,109.06776568767377,111.0,62.73058274468275
49.JPG,binary_49.tif,4000,6000,4000,6000,4.54033875,2.203706430163537e-06,17,255,159.38617355368032,155.0,44.09615550758479,14,255,184.90425576725966,192.0,37.773434693499425,32,255,181.83911814399312,189.0,38.70784946363298
50.JPG,binary_50.tif,4000,6000,4000,6000,5.061665,1.4787878966958965e-06,4,255,104.86522653612991,102.0,56.3744061622761,4,250,95.00974827453022,88.0,53.278151485722134,10,255,122.11744739626191,121.0,54.72590692677946
51.JPG,binary_51.tif,4000,6000,4000,6000,5.593765,1.3729755127313682e-06,2,255,131.83512703429622,134.0,58.2764068959622,2,248,108.5601475482077,108.0,50.47306293529595,5,247,129.2709602789892,135.0,52.81239303662712
52.JPG,binary_52.tif,4000,6000,4000,6000,5.19996,1.4992566966237193e-06,6,255,105.92190564927422,102.0,51.5217163980035,0,240,97.11783828625605,98.0,47.8768050166617,7,245,109.41142564077415,110.0,47.05223512411098
53.JPG,binary_53.tif,4000,6000,4000,6000,4.2030375,1.9483078611071015e-06,1,241,105.59176146417919,98.0,46.93231968967758,0,234,105.12211436371909,102.0,46.842134271510666,19,255,124.50289953991607,118.0,48.61106263466452
54.JPG,binary_54.tif,4000,6000,4000,6000,3.00664125,2.1959894695417674e-06,0,238,84.50671783672229,70.0,53.71306247538559,0,240,99.25816494568483,91.0,55.87585840050301,7,234,111.74148166995315,104.0,55.12735174473065
55.JPG,binary_55.tif,4000,6000,4000,6000,3.43009,2.07276581215332e-06,0,170,33.5946963126332,22.0,31.981206024457013,0,191,47.837197056053924,38.0,38.23780394746878,4,220,71.99095195024037,67.0,40.42840314215665
56.JPG,binary_56.tif,4000,6000,4000,6000,2.1745975,3.3901609054242916e-06,0,255,59.92730177653566,47.0,43.963559584285626,0,255,76.86732659722087,67.0,50.86139309163242,0,255,92.5645533253855,80.0,54.07594998993741
57.JPG,binary_57.tif,4000,6000,4000,6000,2.005915,3.4464300906905015e-06,0,255,62.76728886817238,49.0,45.39312148954312,0,255,79.68334463324717,69.0,52.26630391162066,0,255,94.59632293741261,83.0,54.8550832070038
58.JPG,binary_58.tif,4000,6000,4000,6000,2.652935,2.8802939915444293e-06,0,255,52.16240668354106,39.0,43.68838297700684,1,255,60.47057527794688,54.0,43.824063296595405,3,255,74.82939508506617,68.0,49.49227729865104
59.JPG,binary_59.tif,4000,6000,4000,6000,2.9252325,2.2811110951363064e-06,0,255,62.41357930523471,43.0,54.71550666708135,0,255,68.2764568713769,60.0,51.72035802733615,3,255,84.08003167269611,74.0,57.53349456179204
60.JPG,binary_60.tif,4000,6000,4000,6000,2.0305225,3.542810123819075e-06,0,255,68.8714130230027,57.0,46.31843397196173,6,255,85.07537099441154,78.0,51.04521187023133,6,255,107.65947527052766,104.0,54.976860601758226
61.JPG,binary_61.tif,4000,6000,4000,6000,4.3341925,1.4108032395693083e-06,3,240,69.63907247428442,58.0,46.39927561159466,3,193,52.755802551455666,47.0,34.12138298515471,4,211,75.80724840901736,70.0,49.46692969852889
62.JPG,binary_62.tif,4000,6000,4000,6000,5.1138975,1.3089605157860916e-06,0,208,49.027884431590586,42.0,32.39865906228563,0,182,40.5533088999144,33.0,31.240178397912853,3,193,59.279951714910204,49.0,40.58584645452308
63.JPG,binary_63.tif,4000,6000,4000,6000,3.3621325,2.5434994162945268e-06,0,255,59.9767662339304,41.0,54.731540009823576,0,255,57.99138530382131,33.0,58.797617514820814,0,255,73.0190085830942,46.0,65.25463976448916
64.JPG,binary_64.tif,4000,6000,4000,6000,6.71179125,9.791393313569864e-07,0,196,55.19816431269373,49.0,35.77181740908694,0,185,50.05345592355841,41.0,35.2794171479545,1,187,67.26484174399792,69.0,44.36605732289278
65.JPG,binary_65.tif,4000,6000,4000,6000,6.2252725,1.1447408343318551e-06,0,225,52.611186397864515,43.0,38.92540580006507,0,177,39.97087426694976,31.0,31.198525113432456,2,202,59.47885162858333,51.0,41.52924318853662
66.JPG,binary_66.tif,4000,6000,4000,6000,6.28745,1.0416102948414675e-06,0,255,70.81611802081925,57.0,59.954408305061946,0,255,72.9335169663377,66.0,58.18152926965298,0,255,91.45933148573747,93.0,66.04640040410699
67.JPG,binary_67.tif,4000,6000,4000,6000,4.465135,1.3756584460039506e-06,0,255,88.1391178542194,74.0,55.414982527553725,0,255,89.91863375911366,85.0,54.383227652754954,0,255,110.33575888522968,99.0,59.10087198833934
68.JPG,binary_68.tif,4000,6000,4000,6000,4.1173575,1.8796651305812822e-06,4,255,84.73291683440168,74.0,52.80507302480723,4,255,92.61858091020758,88.0,54.366568721531756,5,255,109.28607334922945,104.0,59.923689298199605
69.JPG,binary_69.tif,4000,6000,4000,6000,4.520895,1.6729391920404411e-06,0,255,54.62972154849869,48.0,44.47146614823877,1,253,61.18455167616147,56.0,41.134045869262714,0,232,63.17977607310057,52.0,46.06679906450284
70.JPG,binary_70.tif,4000,6000,4000,6000,3.8928725,2.0914984834668273e-06,0,255,44.75581896787013,39.0,37.399605135251626,0,255,48.74256525868751,41.0,34.63127780344889,0,255,50.69719805233796,40.0,37.87117693518929
71.JPG,binary_71.tif,4000,6000,4000,6000,1.75304,4.241829622931755e-06,0,255,54.45639182505818,44.0,42.749782532881866,4,255,73.5363047905353,66.0,45.85563568344358,6,255,99.34523492048099,93.0,50.06103383541019
72.JPG,binary_72.tif,4000,6000,4000,6000,1.8799875,3.863893855823953e-06,0,255,74.54777325647112,70.0,48.48574799265993,0,255,115.84637730304058,123.0,63.483965013848746,7,255,128.65015824573302,137.0,60.846879786319434
73.JPG,binary_73.tif,4000,6000,4000,6000,4.6690925,1.6172290690054545e-06,0,255,91.79726654590802,87.0,60.60547157580654,0,255,118.43931877554364,125.0,61.89142409699763,5,255,135.72293625581418,142.0,56.91482763043282
74.JPG,binary_74.tif,4000,6000,4000,6000,4.32616,1.8086538093362617e-06,1,255,76.27223406554542,69.0,45.67928054050975,3,255,108.82296005580007,108.0,53.56727055160387,6,255,128.26827255580005,130.0,47.53618934992456
75.JPG,binary_75.tif,4000,6000,4000,6000,1.21411875,6.545600333498736e-06,2,255,78.60267786820688,65.0,53.323136286219366,6,255,81.65403868031855,67.0,54.494725307105824,12,255,105.55332108164873,90.0,59.65607774506151
76.JPG,binary_76.tif,4000,6000,4000,6000,3.41139,2.4528999140489417e-06,0,255,64.45392933672198,60.0,49.203196265409794,0,255,90.53487068321124,96.0,58.38615622612765,5,255,110.83375068520456,111.0,61.554675023247064
77.JPG,binary_77.tif,4000,6000,4000,6000,1.816460625,3.381540673962395e-06,0,255,67.02446756862676,52.0,53.4191565666186,0,255,68.95140997069507,57.0,53.60675619955159,0,255,84.87350331362124,74.0,56.43332910992632
78.JPG,binary_78.tif,4000,6000,4000,6000,4.9436425,1.1201213007263876e-06,0,255,44.343848058390144,30.0,40.83407674502841,1,255,73.16555909938876,55.0,57.559225680650094,0,255,84.15991308534143,72.0,60.52150962836234
79.JPG,binary_79.tif,4000,6000,4000,6000,3.261535,2.125935494108269e-06,0,255,44.00724179719059,26.0,44.88349078717169,3,255,65.12718263792969,59.0,48.82967500486502,4,255,85.31110408902556,86.0,60.530344353891365
80.JPG,binary_80.tif,4000,6000,4000,6000,3.240285,2.2243851374427416e-06,0,255,43.44553854830671,21.0,48.38407487797402,0,255,59.143382256499045,46.0,49.17503235619132,2,255,76.4423939560872,70.0,57.97136115149376
81.JPG,binary_81.tif,4000,6000,4000,6000,3.9872225,1.691163880100028e-06,0,255,48.52152594945479,25.0,49.50401447955212,2,255,68.73323331592356,58.0,52.76957913598319,3,255,88.10591630514726,87.0,60.11675446258074
82.JPG,binary_82.tif,4000,6000,4000,6000,10.262305,3.427003916970842e-07,0,243,75.13899782992223,65.0,50.73854161327515,0,255,96.30270307206811,96.0,53.95494139550035,0,255,112.94482970687385,116.0,56.71495982213772
83.JPG,binary_83.tif,4000,6000,4000,6000,47.8017475,1.7085049542109882e-07,0,234,61.49863658227139,40.0,53.19102758397679,0,242,83.5069122211484,54.0,72.62943819410299,1,255,93.76569486293361,66.0,78.5587675342281
84.JPG,binary_84.tif,3081,4944,3081,4944,4.034575758721636,3.5385512440425004e-06,0,255,82.13378505099458,66.0,66.8795716506481,1,243,84.79046579753201,69.0,65.67095152522523,3,255,100.18287096586808,95.0,69.51829678158431
85.JPG,binary_85.tif,4000,6000,4000,6000,13.473265,5.746538824005817e-07,0,159,22.72829697367342,13.0,25.43445812575944,0,174,22.564004252124484,13.0,25.33270898989938,4,233,77.69553858140547,75.0,52.77881863652352
86.JPG,binary_86.tif,4000,6000,4000,6000,6.4761075,1.3169160033931056e-06,0,255,61.99315850609336,45.0,55.982204886129935,1,255,73.792719141089,61.0,58.68186080433406,2,255,91.79119826222774,86.0,66.16599037677628
87.JPG,binary_87.tif,4000,6000,4000,6000,6.486775,1.4405609228952788e-06,0,255,37.9847687217454,18.0,54.78764322695573,0,255,52.78134868636572,27.0,59.016757562236094,0,255,67.63741073183516,44.0,64.11920735358866
88.JPG,binary_88.tif,4000,6000,4000,6000,11.0400975,7.957325373738231e-07,0,176,39.15233555455466,25.0,36.03608649438299,0,210,39.04691608248931,31.0,34.50137443299979,5,249,90.54806037718417,88.0,57.640511447935644
89.JPG,binary_89.tif,4000,6000,4000,6000,5.0587325,1.6880761818804294e-06,0,193,65.46795738853557,51.0,50.652295073106345,0,184,70.09355283166288,69.0,51.06557496605097,0,200,81.51463298859942,91.0,54.26400797878663
90.JPG,binary_90.tif,4000,6000,4000,6000,5.0300025,1.6072270168034635e-06,0,255,57.07836725727274,45.0,44.602700205003934,1,255,59.108829096009394,50.0,42.399479161627994,1,255,81.16849171546137,74.0,49.59129829258736
91.JPG,binary_91.tif,4000,6000,4000,6000,10.0605575,9.149898643363575e-07,0,255,55.7479965697726,41.0,50.37184084880473,0,255,71.18484257706395,55.0,57.53409804531566,3,255,89.4987675260541,80.0,64.29633802438006
92.JPG,binary_92.tif,4000,6000,4000,6000,8.68094375,8.666623811960158e-07,0,255,71.70087634480986,62.0,57.075468764059096,2,215,68.28644480618827,66.0,48.60526503889549,2,230,81.0776030255927,84.0,53.409697245301096
93.JPG,binary_93.tif,4000,6000,4000,6000,9.892895,9.81062040158268e-07,0,255,42.42026171307792,30.0,40.30506630148734,0,218,56.114034428243706,45.0,44.06745153207635,1,236,75.54917430640879,68.0,51.240017745944904
94.JPG,binary_94.tif,4000,6000,4000,6000,10.2875925,6.43999675903999e-07,0,255,44.77779877799398,37.0,38.59714770491172,0,255,83.50684331635414,68.0,61.6946069417265,3,255,96.504565997827,92.0,61.53062994815627
95.JPG,binary_95.tif,4000,6000,4000,6000,7.3712425,1.231137106954978e-06,0,255,31.641768670614216,21.0,31.17620335523289,0,255,54.98213657670332,38.0,50.52922798857918,0,255,71.71341695446867,55.0,62.06717409062754
96.JPG,binary_96.tif,4000,6000,4000,6000,9.3109425,1.025311909136592e-06,0,255,64.019556693643,53.0,50.846824559479096,2,255,87.9574906084964,90.0,56.502852667666865,2,255,105.84271684901931,107.0,64.73697664056229
97.JPG,binary_97.tif,4000,6000,4000,6000,9.85473,9.482089177972651e-07,0,255,70.2089996377374,49.0,65.63988891007811,0,255,81.1874935310252,66.0,66.11335605476242,3,255,100.59977207645466,93.0,71.1289928934385
98.JPG,binary_98.tif,4000,6000,4000,6000,6.7373975,1.139938411967533e-06,0,196,40.645426331161254,14.0,45.36482638558493,0,170,49.71052722880014,21.0,51.0711290980852,0,174,53.36859809370013,29.0,50.0597273037601
99.JPG,binary_99.tif,4000,6000,4000,6000,9.2721825,9.781909873811278e-07,0,255,34.32901787146662,21.0,32.72125957511559,0,255,44.70160288583621,31.0,37.34834650680289,0,255,60.03841173585615,53.0,44.533548857686455
100.JPG,binary_100.tif,4000,6000,4000,6000,6.46187,1.3016259720846317e-06,0,255,43.055350753729186,22.0,44.3313830106659,1,255,48.67015962484544,27.0,46.36411961900147,1,255,57.150882310383835,35.0,51.68615609291158
101.JPG,binary_101.tif,4000,6000,4000,6000,6.5571975,1.2278545166484595e-06,0,255,56.632629450310134,40.0,51.07557512996772,0,255,64.67220342608256,53.0,52.89373196272036,0,255,79.70279900445274,75.0,58.749182583365155
102.JPG,binary_102.tif,4000,6000,4000,6000,6.7968125,1.2037031126817354e-06,0,255,50.024087853681415,30.0,52.49578259827528,0,255,56.02605127403471,38.0,52.410673627679216,0,255,68.93065812099421,52.0,60.17033040059961
103.JPG,binary_103.tif,4000,6000,4000,6000,7.1974175,1.156313119907584e-06,0,255,58.255952134915056,45.0,50.06910933359936,1,255,66.790238912082,59.0,52.096450959956506,0,255,81.31879203547662,83.0,59.19534254199195
104.JPG,binary_104.tif,4000,6000,4000,6000,6.3564275,1.1974197353948009e-06,0,249,60.49168744943602,40.0,56.42238608004767,1,240,70.00845463115877,44.0,62.867982007312726,2,250,76.42868389909269,57.0,62.1324429509921
105.JPG,binary_105.tif,4000,6000,4000,6000,6.0462625,1.6209096945167371e-06,0,255,53.9687800934875,31.0,57.55921620406462,0,255,61.102969809861875,42.0,57.11019665722768,3,255,80.15438618071909,66.0,61.540598009130775
106.JPG,binary_106.tif,4000,6000,4000,6000,8.0476725,9.684815400310284e-07,0,255,40.52337119831852,36.0,30.689199803655633,0,255,51.90527416467308,48.0,37.106123036398074,0,255,68.10974772519633,65.0,45.03107665558895
107.JPG,binary_107.tif,4000,6000,4000,6000,5.517945,1.4988794821799535e-06,0,255,64.08316581172882,59.0,39.567561792791636,0,255,83.63727914105704,83.0,52.28753962568955,6,255,108.29329181878398,110.0,59.5003464282658
108.JPG,binary_108.tif,4000,6000,4000,6000,3.9031575,2.265587534245108e-06,0,255,52.619431831792596,41.0,43.66181756538147,0,255,54.89458726684742,47.0,39.86674625630141,1,255,71.41703143544682,70.0,45.57685407761529
109.JPG,binary_109.tif,4000,6000,4000,6000,8.325665,6.933526031152151e-07,0,255,46.88347634993721,43.0,35.73944444556945,0,209,65.75769915976682,56.0,48.814020867541814,3,220,81.8713922551532,81.0,50.862524895456765
110.JPG,binary_110.tif,4000,6000,4000,6000,5.530695,1.5494234064220288e-06,0,233,37.59503857562205,32.0,29.485109642262813,2,227,64.10663047320455,68.0,40.82381741221567,3,245,73.23347280495489,74.0,45.70299874990875
111.JPG,binary_111.tif,4000,6000,4000,6000,5.530525,1.5406859083531044e-06,0,255,57.728217935910244,40.0,51.09289777810475,1,255,64.80999577345732,49.0,52.97788769433801,2,255,76.99542957042956,68.0,55.974491364225216
112.JPG,binary_112.tif,4000,6000,4000,6000,11.3115875,8.46175155498352e-07,0,255,57.842309932182374,45.0,54.86500518137295,0,255,57.91564783678683,47.0,51.99952187417639,0,255,73.91542804005185,63.0,59.90428842940012
113.JPG,binary_113.tif,4000,6000,4000,6000,7.34332,1.2772857677310978e-06,0,255,40.955591952958606,15.0,50.84805030270703,0,255,46.62733239188814,17.0,53.533163470563885,0,255,56.54241422816928,28.0,58.17161216692459
114.JPG,binary_114.tif,4000,6000,4000,6000,4.72549,1.7214012647177985e-06,0,255,41.47479719034428,23.0,41.18359986525607,0,255,48.01742094470627,29.0,43.60346811548293,1,255,59.9264219160341,40.0,50.24056610247846
115.JPG,binary_115.tif,4000,6000,4000,6000,3.71756,2.6710910088941124e-06,0,255,28.610703996707517,15.0,36.44290499427943,0,255,35.063826138650086,19.0,35.56704647731119,0,255,48.25757385220413,27.0,46.34631385495757
116.JPG,binary_116.tif,4000,6000,4000,6000,7.391855,1.268706256011968e-06,0,255,23.378694099789566,14.0,29.635938111769455,0,255,34.127051159688605,18.0,36.92559199896569,0,255,44.072200246081664,29.0,41.98977782090206
117.JPG,binary_117.tif,4000,6000,4000,6000,9.0359675,9.805646268775585e-07,0,255,44.20790551758846,35.0,37.77769459133865,0,255,63.969751094722284,57.0,49.201628088260875,0,255,79.33237697014737,75.0,55.04209463970868
118.JPG,binary_118.tif,4000,6000,4000,6000,9.500535,8.488884177503192e-07,0,255,43.70528468923066,19.0,46.87815091744344,0,244,43.72872882948171,19.0,45.573749576652745,0,255,51.736603188662535,30.0,50.030491788653094
119.JPG,binary_119.tif,4000,6000,4000,6000,3.95811,1.8540941066494682e-06,0,255,76.41388029893055,62.0,58.26662468343941,4,255,85.03650732293949,76.0,59.95046411253332,6,255,98.86679658978655,95.0,59.26082927106367
120.JPG,binary_120.tif,4000,6000,4000,6000,7.24180875,9.777846692851049e-07,0,255,50.79877989735645,40.0,42.85760249758821,0,255,68.99127617806808,52.0,54.7893073594909,4,255,92.23340405116332,73.0,69.91322839791547
121.JPG,binary_121.tif,4000,6000,4000,6000,4.694071875,1.6606466226257553e-06,0,255,38.695331545173666,25.0,37.68652622821997,0,255,40.38513111284646,30.0,33.45577913416639,1,255,52.270211297094804,42.0,40.983325918618725
122.JPG,binary_122.tif,4000,6000,4000,6000,6.92359,7.349834965515572e-07,0,255,50.8648547032681,36.0,43.06832012486656,0,255,63.56085643430648,51.0,48.472602453399254,0,255,84.68429266825447,75.0,56.69897109425694
123.JPG,binary_123.tif,4000,6000,4000,6000,7.7210175,9.324935738104296e-07,0,255,83.88364130763853,62.0,74.75051225712275,0,255,90.63322572122132,78.0,71.50702203227968,2,255,113.03840046017251,115.0,76.30952605902499
124.JPG,binary_124.tif,4000,6000,4000,6000,8.327375625,7.720557253008964e-07,0,255,54.12088629963777,47.0,49.178215871287854,0,255,66.42482261630896,69.0,49.83650600148139,0,255,71.88665306544281,73.0,51.874154995785375
125.JPG,binary_125.tif,4000,6000,4000,6000,9.914963125,7.053108977958001e-07,0,255,38.30680913399766,23.0,47.53078171559868,0,255,54.26297588978678,45.0,47.56385767636129,0,255,65.16607852991889,52.0,54.534697858504394
126.JPG,binary_126.tif,4000,6000,4000,6000,10.41617625,7.025666612568882e-07,0,255,54.3738629014654,27.0,61.00885449992696,0,255,60.93383152478819,37.0,59.0914272771551,0,255,78.70723601667166,58.0,67.6622433210776
127.JPG,binary_127.tif,4000,6000,4000,6000,8.203435,9.544233224155726e-07,0,255,56.55249142584783,50.0,42.21195395713009,0,255,73.98492140792241,71.0,50.6352822789704,0,255,87.26003512552973,87.0,52.73402151694145
128.JPG,binary_128.tif,4000,6000,4000,6000,10.811096875,6.840037106043412e-07,0,255,45.92863888984438,18.0,52.06759152638376,0,255,46.40260831535653,22.0,48.5437700617364,0,255,56.28725669891844,38.0,53.232464747375076
129.JPG,binary_129.tif,4000,6000,4000,6000,7.719136875,8.660864197719019e-07,0,255,53.573391584664705,51.0,38.58660178959806,0,255,66.3192550106193,63.0,45.54533060322647,1,255,86.14045150287609,91.0,50.60168665195235
130.JPG,binary_130.tif,4000,6000,4000,6000,5.14558125,1.2169954054792569e-06,0,255,49.09832744842966,31.0,46.40285332390269,0,255,56.8750831113589,42.0,45.47369334330291,3,255,75.02804724441967,61.0,56.05831992748551
131.JPG,binary_131.tif,4000,6000,4000,6000,8.42551875,9.118325752800838e-07,0,255,53.47284833352249,15.0,65.23681776870235,0,255,55.87843352375187,19.0,65.70744534650939,0,255,65.0551368869721,30.0,69.45838866925253
132.JPG,binary_132.tif,4000,6000,4000,6000,7.862383125,9.044887843902457e-07,0,255,48.807368758184246,26.0,49.963818646861,0,255,48.52503212885597,31.0,46.832681501045364,1,255,60.98309569466573,49.0,52.011325306487876
133.JPG,binary_133.tif,4000,6000,4000,6000,9.91956375,6.311066252985988e-07,0,255,69.1552667827756,51.0,59.831293488627686,0,255,81.81622975859196,68.0,59.882759062715294,0,255,89.01089003284041,82.0,59.66821151510721
134.JPG,binary_134.tif,4000,6000,4000,6000,9.88924,7.703492849073139e-07,0,255,52.63846545588943,23.0,59.837389335277486,0,255,55.55770387815444,28.0,58.853370282044494,0,255,68.1893866464966,43.0,64.73275376019184
135.JPG,binary_135.tif,4000,6000,4000,6000,5.10714,1.248151595956411e-06,0,255,71.149415817855,47.0,65.60661649898657,0,255,84.23375607482858,79.0,65.87671119161732,1,255,99.67920744291325,99.0,70.1937183329122
136.JPG,binary_136.tif,4000,6000,4000,6000,9.098240625,1.0053920530652065e-06,0,255,44.946043757773225,28.0,45.08026509670401,0,255,44.63228288985817,30.0,43.03443691857957,1,255,59.077856604831226,47.0,48.69757788791372
137.JPG,binary_137.tif,4000,6000,4000,6000,5.5109325,1.505941549714498e-06,0,255,59.8059501499973,47.0,49.7903372795414,0,255,71.04232314585599,61.0,55.606699027661485,0,255,90.20255033971111,87.0,61.477050012937454
138.JPG,binary_138.tif,4000,6000,4000,6000,7.477396875,1.0878821892851192e-06,0,255,31.124634283237775,18.0,37.48206589845655,0,255,40.485532607228365,24.0,41.509618208895525,0,255,54.9128830345788,41.0,48.7291049441437
139.JPG,binary_139.tif,4000,6000,4000,6000,6.189710625,1.119847567389415e-06,0,255,81.02708729214623,66.0,54.12170316462339,4,226,93.3037930791797,86.0,44.67399119695223,7,255,105.6927600714775,92.0,51.09277092240722
140.JPG,binary_140.tif,4000,6000,4000,6000,5.554888125,1.4517054896785476e-06,6,255,98.21545370906998,98.0,44.70080842469449,10,231,118.74709504163056,120.0,39.98686519375131,16,246,135.48870628695155,140.0,45.13782409308563
141.JPG,binary_141.tif,4000,6000,4000,6000,5.212083125,1.370254373525849e-06,0,255,91.94302913674271,90.0,51.1614456420964,1,254,113.74758077174758,114.0,52.06538199352087,6,255,125.05788004868015,122.0,62.465725097065274
142.JPG,binary_142.tif,4000,6000,4000,6000,4.7398125,1.358760115669689e-06,0,255,95.05364716431293,91.0,46.5350095654531,0,222,98.07513337816633,95.0,38.088761432847555,15,255,121.80815960546963,115.0,45.28569208774478
143.JPG,binary_143.tif,4000,6000,4000,6000,2.177221875,3.800613717351356e-06,0,255,85.38861479149891,66.0,59.44869963125927,0,255,93.23357001683625,96.0,48.1089226899501,3,255,129.0591220750067,123.0,62.12159286752092
144.JPG,binary_144.tif,4000,6000,4000,6000,2.22621375,3.718807701336056e-06,0,255,74.39354065843857,52.0,58.39094748497573,0,255,87.34908794135335,81.0,44.56803437297035,3,255,125.83404923493981,114.0,56.0829894307748
145.JPG,binary_145.tif,4000,6000,4000,6000,2.026028125,4.518559847626655e-06,0,255,66.36265568870127,50.0,51.82888609185121,0,255,83.19411595038939,77.0,45.2339519763806,1,255,117.02991320764612,109.0,52.96459731722072
146.JPG,binary_146.tif,4000,6000,4000,6000,6.90495375,1.227075241680334e-06,0,247,63.80490645936622,55.0,42.55297867015071,0,234,96.80323537648604,95.0,49.90774445280126,7,255,116.16701904049683,105.0,57.26391698462471
147.JPG,binary_147.tif,4000,6000,4000,6000,5.50092375,1.7138637977219523e-06,0,255,97.42691227541556,84.0,60.65703037710227,5,255,117.2593223547227,112.0,50.14403697910251,13,255,157.32570393290763,153.0,59.17786279284479
148.JPG,binary_148.tif,4000,6000,4000,6000,7.346263125,1.2849282168828047e-06,0,194,42.76275395458286,33.0,29.99371559975711,0,194,65.67562657919362,60.0,40.359122872638395,5,255,115.87385542360354,117.0,50.11706451468267
149.JPG,binary_149.tif,4000,6000,4000,6000,3.885605,1.7343400156163269e-06,5,255,99.60025594469845,83.0,54.23664419298306,6,255,119.98275654627787,120.0,51.80945675873337,12,255,137.95081814801043,128.0,55.827605178291066
150.JPG,binary_150.tif,4000,6000,4000,6000,4.25448375,1.6879968086356699e-06,0,255,81.74230436889081,69.0,62.425271889919486,3,254,75.7620810045402,69.0,46.18582690655675,0,255,94.96780146944973,90.0,48.1940332225526
151.JPG,binary_151.tif,4000,6000,4000,6000,3.6156025,2.581728680495087e-06,0,255,73.02051767305726,52.0,59.051245796830145,0,255,79.07836505119133,64.0,54.54797199860022,4,255,109.49046994933762,96.0,60.99285567103733
152.JPG,binary_152.tif,4000,6000,4000,6000,7.47609,9.77406886643188e-07,0,255,83.14025086977284,75.0,49.089152147852374,0,255,91.61228312527003,90.0,49.7397340953076,13,255,120.14220075266617,120.0,55.85280406157719
153.JPG,binary_153.tif,4000,6000,4000,6000,8.494273125,8.599759076349339e-07,0,255,94.96329026681727,92.0,49.82639663955833,0,255,109.03438441650061,113.0,51.974692658105575,1,255,136.1415053392223,142.0,57.019933310864744
155.JPG,binary_155.tif,4000,6000,4000,6000,2.013639375,3.7218987646404565e-06,9,255,165.43121797814467,198.0,76.83178541206327,2,255,162.11003646072425,182.0,73.43644799634636,13,255,167.42652187907282,195.0,69.89839813034867
156.JPG,binary_156.tif,4000,6000,4000,6000,3.935616875,2.110008081915153e-06,0,157,56.903931038765045,45.0,38.911623267216505,3,182,68.39214008223298,62.0,43.55084321842397,3,205,81.81652542716064,81.0,47.470651777928104
157.JPG,binary_157.tif,4000,6000,4000,6000,9.637013125,7.784152292344508e-07,0,255,106.80425638882794,111.0,64.2242621386703,0,251,75.77551479416502,77.0,45.015250931473545,10,255,112.33582539610788,122.0,57.544007292611106
158.JPG,binary_158.tif,4000,6000,4000,6000,4.619038125,1.3518338555497072e-06,0,230,69.70647960932342,54.0,49.25092875093723,0,191,57.68113301727727,51.0,35.75178268175695,2,212,80.91494549528102,76.0,43.57216240457162
159.JPG,binary_159.tif,4000,6000,4000,6000,5.63900625,1.2285275931597299e-06,0,236,71.92585118610216,66.0,47.75084842175193,0,187,57.24623066342585,53.0,33.86661800995795,5,219,79.10277353833399,81.0,39.786265146535015
160.JPG,binary_160.tif,4000,6000,4000,6000,8.328714375,9.171006761962721e-07,5,255,104.92131948935996,98.0,63.6514987961191,0,255,73.118474917685,69.0,48.018417454264075,7,255,104.82424838527375,110.0,59.93297170488015
161.JPG,binary_161.tif,4000,6000,4000,6000,5.374539375,1.3911744620173907e-06,10,255,102.70735747935608,91.0,57.81061897308479,0,219,66.45348816520672,63.0,32.47926382437013,13,245,120.70241914917592,123.0,46.47936707293691
162.JPG,binary_162.tif,4000,6000,4000,6000,4.49214375,1.606441952693839e-06,5,255,119.9986092386291,118.0,53.076441551313735,0,223,84.16683459873695,84.0,37.18871649103314,6,251,135.89025520944205,145.0,49.04036432688017
163.JPG,binary_163.tif,4000,6000,4000,6000,6.769771875,1.1353371560983152e-06,10,255,101.20818482158973,99.0,43.76751388128711,7,205,84.9378581349907,83.0,31.521599776190627,12,241,123.72752156068775,126.0,41.20320942738069
164.JPG,binary_164.tif,4000,6000,4000,6000,8.709620625,7.824704956500876e-07,5,255,100.83108319944762,95.0,47.84194112982383,0,222,86.93733904741688,91.0,43.82132045859385,8,237,101.31007198720553,106.0,47.749852452479914
165.JPG,binary_165.tif,4000,6000,4000,6000,3.162255,2.1545941592410785e-06,0,236,94.13716299760772,97.0,36.02704334672449,3,235,111.12306467220385,107.0,42.93109882120176,8,255,125.35642958901164,119.0,44.098509096609845
166.JPG,binary_166.tif,4000,6000,4000,6000,3.45491,1.6379461657180702e-06,1,255,96.46914518033755,92.0,48.03639777654786,7,253,108.23168023913792,99.0,54.096165909389995,12,255,120.91628635044039,108.0,54.05079104934689
167.JPG,binary_167.tif,4000,6000,4000,6000,4.049771875,1.3486857036605703e-06,6,247,95.96625257441198,89.0,42.49250435377242,3,241,95.9410764649552,85.0,47.96163318759977,6,249,109.22388267240362,102.0,52.84977647706895
168.JPG,binary_168.tif,4000,6000,4000,6000,4.89810375,1.6562174870064899e-06,0,255,92.55566618510275,76.0,56.79161351519808,0,255,123.15572735673473,116.0,48.499472652515884,10,255,154.22360400695882,151.0,52.59988447095705
169.JPG,binary_169.tif,4000,6000,4000,6000,6.31278,1.1419935943115513e-06,0,255,84.43932783971563,71.0,49.36585282786132,0,255,113.20177263424355,104.0,51.690273944252326,5,255,142.42154932137663,133.0,56.91241123284534
170.JPG,binary_170.tif,4000,6000,4000,6000,3.323276875,2.2286084816368297e-06,0,255,63.858932345202206,54.0,45.55320887794456,5,255,90.71182208524229,83.0,51.90278780544733,9,255,118.26632862180645,119.0,49.58754837999994
171.JPG,binary_171.tif,4000,6000,4000,6000,5.437311875,1.5757704851935654e-06,0,255,36.2142933910702,21.0,43.27647526951337,0,255,46.79159232980359,35.0,42.66623051586009,0,255,68.52016523790076,59.0,52.37043357591843
172.JPG,binary_172.tif,4000,6000,4000,6000,5.326408125,1.5557068527550628e-06,0,255,93.07091634101921,74.0,57.95059765194081,0,255,123.72046582048198,115.0,46.79927669307374,17,255,156.86754077824256,148.0,55.371278033724366
173.JPG,binary_173.tif,4000,6000,4000,6000,3.289085625,2.183742266546403e-06,0,255,85.13152496600024,82.0,49.39329035673523,3,255,101.94294500922274,104.0,45.808230111256776,7,255,124.27028598563773,119.0,51.28228649027972
174.JPG,binary_174.tif,4000,6000,4000,6000,5.723251875,1.1069190108689244e-06,0,255,76.48594379746741,73.0,39.13203796857429,5,255,107.77538665463679,110.0,42.89092504826547,12,255,131.04455508958358,124.0,47.10593034280333
175.JPG,binary_175.tif,4000,6000,4000,6000,7.694146875,1.043953209217727e-06,4,255,110.54690087066996,98.0,55.24892957861908,6,255,111.19901126140122,99.0,49.64671091695081,12,255,132.9325807320256,121.0,54.561150801404644
176.JPG,binary_176.tif,4000,6000,4000,6000,7.04919875,1.0063221639541208e-06,0,255,92.26676906010063,84.0,50.12022245128831,0,255,102.58855173079068,103.0,47.27074506073947,5,255,113.54348455205636,109.0,48.63051391986865
177.JPG,binary_177.tif,4000,6000,4000,6000,6.14301375,1.3743194216408403e-06,0,255,62.46699563793098,53.0,52.924003848508704,1,237,70.75316950495187,62.0,51.996420921777634,1,252,88.55858698020984,89.0,57.33113764033814
178.JPG,binary_178.tif,4000,6000,4000,6000,6.839641875,1.311393723161674e-06,0,255,81.6183079578271,68.0,50.34259664829166,10,255,98.99759371538732,93.0,40.26497689149171,14,255,126.30378993710106,117.0,47.453388323490984
179.JPG,binary_179.tif,4000,6000,4000,6000,4.297376875,2.0401628530990167e-06,0,255,90.01346984490394,82.0,68.28180926492446,0,255,104.61818874100959,101.0,67.79240768398532,3,255,114.56873502629438,114.0,70.22941507207206
180.JPG,binary_180.tif,4000,6000,4000,6000,3.825988125,1.1716948440406494e-06,5,255,87.82356224641967,77.0,51.00899925583098,5,237,73.53891633550222,66.0,43.73806799722845,7,255,83.9313843923653,76.0,49.065247674860146
181.JPG,binary_181.tif,4000,6000,4000,6000,3.193651875,1.9195203310363595e-06,0,255,95.44573972233589,87.0,46.20760486259841,0,255,106.11590962775178,97.0,52.13828406980496,3,255,115.22291976485383,106.0,53.88855382552691
182.JPG,binary_182.tif,4000,6000,4000,6000,3.590941875,1.6962605154846055e-06,0,255,141.6243494264301,141.0,54.28500598755296,0,255,140.13267706400845,145.0,56.11791951446486,2,255,151.9011690352131,159.0,58.44350436674426
183.JPG,binary_183.tif,4000,6000,4000,6000,6.22584625,1.369261020216252e-06,0,255,132.03773282226493,132.0,56.819067353905886,17,249,140.52751884934517,145.0,43.47809180861023,32,255,162.51115260033927,164.0,44.82998751204432
184.JPG,binary_184.tif,4000,6000,4000,6000,6.04866375,1.372021105679118e-06,7,255,123.3544703365268,123.0,47.29543120133609,7,234,122.6260947924242,128.0,41.26628561092313,13,255,138.17811960947574,139.0,44.348026304776006
185.JPG,binary_185.tif,4000,6000,4000,6000,6.04866375,1.372021105679118e-06,17,255,96.28874414617609,77.0,54.04012456726421,16,246,115.49670113089027,105.0,36.50469574630227,37,255,108.92215160745214,96.0,55.64758822542541
186.JPG,binary_186.tif,4000,6000,4000,6000,4.83792375,1.6190345489977854e-06,1,255,91.09003720345945,86.0,44.89987039047762,0,234,98.01789016414324,102.0,48.08528319597917,0,249,116.6574756113095,115.0,54.33799596545894
187.JPG,binary_187.tif,4000,6000,4000,6000,2.6990475,2.6478839295407227e-06,0,255,82.04838443006282,72.0,52.4259300856933,3,245,89.17843702269042,80.0,53.69217130970048,4,255,111.39196072873857,105.0,57.96449439806421
188.JPG,binary_188.tif,4000,6000,4000,6000,9.528808125,5.523787859564239e-07,33,255,218.4906922055375,238.0,49.949859615075816,26,255,213.3180996600244,233.0,43.73345308823929,22,255,215.195609196402,235.0,45.71260326772408
189.JPG,binary_189.tif,4000,6000,4000,6000,10.092910625,6.012930609949886e-07,27,255,185.15139574764638,195.0,42.98265802530537,31,255,178.97653173263882,193.0,37.44348798685312,30,255,180.75156881466984,195.0,39.114181010794134
190.JPG,binary_190.tif,4000,6000,4000,6000,6.080506875,1.6559362482705744e-06,0,255,71.69117726719124,68.0,57.21532692847228,0,255,68.84716827164183,66.0,53.789754225613024,0,255,79.78968796906426,82.0,61.01365562411755
191.JPG,binary_191.tif,4000,6000,4000,6000,3.001190625,1.6824417266047308e-06,1,255,54.56003752677323,48.0,35.30209793147851,5,255,72.77605721062787,71.0,44.16331125391191,5,255,79.30273485210557,75.0,45.50559584810389
192.JPG,binary_192.tif,4000,6000,4000,6000,8.2838025,7.76147648745541e-07,0,255,175.94637222760923,192.0,60.31601477920724,2,255,186.92376727052581,212.0,59.43778937148673,0,255,187.3901869039007,215.0,59.43228216609491
193.JPG,binary_193.tif,4000,6000,4000,6000,10.663366875,6.349431539827922e-07,5,255,181.39798587301254,195.0,57.53008189038813,8,255,190.0207799635516,213.0,57.16336629235379,10,255,191.34150183686708,216.0,56.15907398083645
194.JPG,binary_194.tif,4000,6000,4000,6000,5.700429375,1.066170224483651e-06,0,255,110.4971193507682,97.0,59.54458732030131,1,255,110.47514962414564,94.0,58.787798411555855,3,255,143.8417534775615,133.0,62.00546944355667
195.JPG,binary_195.tif,4000,6000,4000,6000,6.302994375,1.0559106830805933e-06,0,255,70.50005141405508,55.0,50.47127486495162,0,255,77.85279228890316,61.0,54.03290208585421,0,255,104.50544736127898,91.0,55.26018241159228
196.JPG,binary_196.tif,4000,6000,4000,6000,6.78433875,1.2070302391728887e-06,0,249,80.84584809389125,77.0,49.57126277999073,0,230,55.406790013249264,47.0,40.96563613586504,3,248,90.89539815136737,93.0,53.041251138398124
197.JPG,binary_197.tif,4000,6000,4000,6000,6.000883125,9.231988430176274e-07,0,255,57.570570602472785,41.0,50.80194246102847,0,255,47.20726324344135,31.0,42.63557245697926,0,255,70.34554674400529,57.0,54.463434966612915
198.JPG,binary_198.tif,4000,6000,4000,6000,5.99128875,1.0993011669389045e-06,0,255,50.635617837648034,34.0,47.04314940589663,0,255,40.83867838534739,27.0,38.728491175495286,0,255,63.246987866341776,53.0,50.86940109117089
199.JPG,binary_199.tif,4000,6000,4000,6000,9.31240875,7.071441073082644e-07,0,255,49.69278645280685,33.0,47.41897314179945,0,255,60.292046888513134,50.0,47.795556831659894,0,255,73.69627776218478,65.0,52.85636190448513
200.JPG,binary_200.tif,4000,6000,4000,6000,7.236060625,1.146242198185922e-06,0,255,91.14109282701041,89.0,51.53502893457467,0,230,74.5688541512185,59.0,50.70532370574052,4,255,140.88776593479687,141.0,83.31519714222995
201.JPG,binary_201.tif,4000,6000,4000,6000,5.173854375,1.1796873967919361e-06,0,234,42.03497682518364,26.0,43.64114252310106,0,207,36.07968563572105,19.0,37.04047813066654,0,255,63.1891360732394,40.0,64.62949629182586
202.JPG,binary_202.tif,4000,6000,4000,6000,9.33867375,7.642934756891416e-07,0,206,58.712988688570476,59.0,40.74911421301754,0,197,61.55434196424305,66.0,41.67281630782507,0,236,81.03563976362275,97.0,54.42810172443836
203.JPG,binary_203.tif,4000,6000,4000,6000,17.599791875,3.9611187231521074e-07,0,255,81.30301047238946,78.0,47.65913661763992,2,255,105.4775716275338,103.0,55.33725761934386,4,255,116.18697323373888,117.0,52.12791120254571
204.JPG,binary_204.tif,4000,6000,4000,6000,9.55083375,7.949696605370469e-07,0,255,47.06847353771602,25.0,49.71733150876019,0,208,44.90806673029986,21.0,49.41981511081494,0,230,50.54562121343595,27.0,51.38129345712074
205.JPG,binary_205.tif,4000,6000,4000,6000,8.880853125,9.488051412331453e-07,0,226,50.09537653512314,34.0,45.7237634299383,0,201,57.789739724470444,39.0,49.44539632619843,0,225,61.39199133810695,47.0,49.52138228095746
206.JPG,binary_206.tif,4000,6000,4000,6000,5.513875625,1.2760767975791412e-06,0,255,105.3281665198968,99.0,54.17174967900742,0,255,112.52731942969787,107.0,48.21922402088206,15,255,139.82972061053698,138.0,54.88564030024654
207.JPG,binary_207.tif,4000,6000,4000,6000,16.1439225,3.360223032485014e-07,10,255,152.6855211303201,166.0,48.713515733467695,11,255,170.20538518442467,184.0,53.60535328510341,13,255,187.23241048605132,201.0,55.810176983197444
208.JPG,binary_208.tif,4000,6000,4000,6000,6.91067,6.792136594320894e-07,13,255,126.91816160734054,127.0,54.5889174672709,17,255,135.69457854665322,132.0,49.59630297516832,19,255,154.78137530442055,158.0,45.545000786744296
209.JPG,binary_209.tif,4000,6000,4000,6000,2.762415,2.6577843927000714e-06,0,255,42.26043109018739,25.0,42.45119908813466,0,255,56.38186944213668,36.0,50.02751342522865,0,255,64.54610141850519,47.0,54.560804418254605
210.JPG,binary_210.tif,4000,6000,4000,6000,3.142651875,2.3144794107277517e-06,0,255,37.495288712180376,19.0,46.786175311957855,0,255,47.9957975380267,29.0,45.87597747503047,0,255,57.092521781465216,38.0,51.851572451949025
211.JPG,binary_211.tif,4000,6000,4000,6000,3.454453125,1.515422736877912e-06,0,255,76.91844982698962,62.0,60.87832072223988,0,255,72.53419761630143,55.0,58.760370983120765,0,255,72.60908573625528,52.0,59.91080260436272
212.JPG,binary_212.tif,4000,6000,4000,6000,1.632095625,5.212171042194062e-06,0,255,64.79707569217949,47.0,54.522747968784735,3,255,80.8242095189735,74.0,54.57306027050572,2,255,72.45839761993112,66.0,49.4612311793315
213.JPG,binary_213.tif,4000,6000,4000,6000,3.47412,2.3476312466785757e-06,0,255,74.78958394499902,67.0,46.894236972789656,2,255,101.40415198669015,107.0,50.80077160448332,4,255,117.5688062732433,113.0,52.044538007603535
214.JPG,binary_214.tif,4000,6000,4000,6000,8.95528125,9.195171329557949e-07,0,255,46.81347214806905,31.0,47.15272456699813,0,255,56.20595598267782,43.0,48.01866448264922,0,255,64.95735896066915,60.0,51.624487608165715
215.JPG,binary_215.tif,4000,6000,4000,6000,4.099475625,1.8228694148932369e-06,0,255,45.41641591051051,31.0,41.08701352174409,2,255,58.93270145373776,43.0,47.97927667830672,3,247,69.99023670862782,51.0,57.36548644777741
216.JPG,binary_216.tif,4000,6000,4000,6000,9.1872675,7.754406555069007e-07,0,255,84.80132395187144,72.0,62.910206918717954,0,255,94.63771851913532,94.0,62.417485793960516,0,255,115.65409906971796,119.0,67.8750974696064
217.JPG,binary_217.tif,4000,6000,4000,6000,5.91032625,1.2292636693938725e-06,0,255,75.56213933621684,63.0,53.274533811724304,0,255,97.70836973678061,104.0,54.35260320048081,3,255,114.63219754577845,115.0,54.78655240608329
218.JPG,binary_218.tif,4000,6000,4000,6000,4.941230625,1.266163542062868e-06,0,255,98.94900195029857,93.0,61.66344180726921,1,255,118.03080697634914,116.0,63.14326813498946,2,255,141.6508815048478,146.0,64.15728432171079
219.JPG,binary_219.tif,4000,6000,4000,6000,12.21048375,6.91303528126424e-07,0,255,65.73175591835172,48.0,58.04186816984746,0,255,74.29211327315349,62.0,57.89339780563883,0,255,89.95101642676524,80.0,63.1264385494182
220.JPG,binary_220.tif,4000,6000,4000,6000,11.0711225,7.930945677271083e-07,0,255,64.87893814516099,43.0,64.15181447547008,0,255,76.08669197725885,58.0,65.6711917182429,0,255,86.24564390376857,73.0,69.15306055618244
221.JPG,binary_221.tif,4000,6000,4000,6000,9.813898125,7.627310697828236e-07,0,255,69.59042007836209,48.0,62.48456431326421,0,255,80.73899623346661,64.0,60.950526298198994,0,255,94.69786425972299,81.0,65.11812060350474
222.JPG,binary_222.tif,4000,6000,4000,6000,10.2342975,7.096082446183551e-07,0,255,84.60774707545878,65.0,68.33706146630144,0,255,95.65791692101973,87.0,64.46151115597758,2,255,111.52193457831375,106.0,68.45712673465599
223.JPG,binary_223.tif,4000,6000,4000,6000,1.968886875,4.951081573252778e-06,0,255,125.03914045340974,125.0,58.555025218094244,14,255,136.4037462157393,131.0,57.78313120588826,18,255,143.70944972397157,139.0,59.170251111348094
224.JPG,binary_224.tif,4000,6000,4000,6000,5.73087,9.12410931400833e-07,0,255,106.50590867965946,104.0,47.028084772936324,12,254,127.46873238705467,123.0,43.61530415652769,11,255,136.7709760908902,136.0,47.929159340927846
225.JPG,binary_225.tif,4000,6000,4000,6000,8.346181875,6.815403802922612e-07,0,246,74.34414141915641,69.0,42.34972837986179,8,236,87.06307517411966,86.0,39.81264192075397,15,240,106.04824683682082,106.0,35.34583617453668
226.JPG,binary_226.tif,4000,6000,4000,6000,6.45946875,1.1797414022869256e-06,0,255,68.93429393864626,53.0,59.70833015612799,0,255,83.51525947857554,72.0,64.12619146271014,1,255,86.69796529319845,80.0,62.36405649121738
227.JPG,binary_227.tif,4000,6000,4000,6000,7.464105,9.613426652347506e-07,0,255,67.54166951362555,55.0,55.42551823428311,0,253,71.5519712343275,54.0,58.1498839256037,3,255,85.493191497842,72.0,60.75422095534657
228.JPG,binary_228.tif,4000,6000,4000,6000,3.3227775,2.5135394477418113e-06,0,255,79.05438842203549,66.0,71.49688533047811,1,255,77.06552575368046,72.0,61.519545210685585,2,255,91.38113784326517,97.0,66.08754629695328
229.JPG,binary_229.tif,4000,6000,4000,6000,6.828135,1.0073303310063958e-06,0,236,54.82701261032478,51.0,31.026762874813027,0,250,80.20718807185271,83.0,38.25326483661868,0,255,100.58214917030786,97.0,43.770448303829205
230.JPG,binary_230.tif,4000,6000,4000,6000,6.808404375,1.0812888821466928e-06,0,255,77.43605637407516,58.0,61.88331792029773,1,223,73.2385036618804,63.0,52.23670586791476,2,234,83.8001314000977,76.0,56.36727695892045
231.JPG,binary_231.tif,4000,6000,4000,6000,4.41211625,1.8892758730763362e-06,8,255,121.5345809111444,113.0,58.618048341468665,7,242,124.11433614764796,126.0,46.144169182798585,14,255,148.1031118003747,154.0,48.96924572875449
232.JPG,binary_232.tif,4000,6000,4000,6000,2.085443125,3.942879140131666e-06,4,255,115.63683977236253,119.0,43.149168252282095,10,255,128.509045889228,138.0,45.699162713776026,17,255,149.51025336641584,157.0,45.59258729260682
233.JPG,binary_233.tif,4000,6000,4000,6000,3.3087525,2.0694309942330467e-06,2,233,83.52421871989519,86.0,37.24256695383008,3,235,93.91405276611049,107.0,44.532821296517156,4,250,102.01143822331831,116.0,46.67989088401064
234.JPG,binary_234.tif,4000,6000,4000,6000,10.044885625,5.459091320899036e-07,4,255,93.6615647751589,92.0,40.507788826028985,8,249,112.36626785882393,120.0,46.374749547695885,7,255,121.85413279655934,123.0,55.30810218421019
235.JPG,binary_235.tif,4000,6000,4000,6000,1.87422875,2.9876886453355733e-06,1,255,71.85426705518204,54.0,58.630371507111136,0,255,80.8505595301534,75.0,54.2113083091733,2,255,83.38800893434166,82.0,53.315627175057486
236.JPG,binary_236.tif,4000,6000,4000,6000,30.1214925,3.068576236057427e-07,0,255,26.879395293908495,14.0,43.280928860738086,0,255,34.13407754031444,18.0,42.000823356111944,3,255,56.33528961919799,24.0,63.37191271586538
237.JPG,binary_237.tif,4000,6000,4000,6000,17.5094475,3.4110620685499407e-07,0,255,72.43051419098175,47.0,64.3949163126942,0,255,89.37359673970295,71.0,68.06048580777971,0,255,115.06090362074532,105.0,78.50006726118077
238.JPG,binary_238.tif,4000,6000,4000,6000,18.87125375,2.4757570498432315e-07,0,255,59.509994268398835,42.0,57.033633892618646,0,255,66.19780273607947,49.0,57.87441943081866,0,255,79.10444745225261,61.0,62.966194156943104
239.JPG,binary_239.tif,4000,6000,4000,6000,5.805298125,9.88642114433873e-07,0,233,59.03594012236882,53.0,42.259300490824806,0,218,72.56458039353491,72.0,46.22140892323688,2,226,92.2892798248841,98.0,51.089708861839085
240.JPG,binary_240.tif,4000,6000,4000,6000,5.98733625,1.0612014900385144e-06,0,245,59.99773386286765,50.0,46.70103176455515,1,231,75.83548412284344,64.0,53.8798578830738,3,236,93.43841679177447,84.0,55.59098623368496
241.JPG,binary_241.tif,4000,6000,4000,6000,5.19075875,8.992719752216272e-07,0,214,54.52758411763983,45.0,38.62381953425668,2,210,73.5110144061309,66.0,45.7667631402929,3,220,94.15029414052425,99.0,50.09626591515685
242.JPG,binary_242.tif,4000,6000,4000,6000,6.821558125,7.8995376423285e-07,0,216,45.58439727800457,35.0,38.467564629015534,0,221,67.48573662560413,54.0,50.84452357549433,2,228,86.80148716023731,87.0,55.00009038581825
243.JPG,binary_243.tif,4000,6000,4000,6000,6.157771875,1.3470123560463108e-06,2,255,81.32869701753931,80.0,51.08373586854861,0,242,70.71446885972858,69.0,46.6177875457435,2,253,88.77204061737022,92.0,53.07329191814082
244.JPG,binary_244.tif,4000,6000,4000,6000,1.588809375,4.054106420896629e-06,2,202,63.12108202093155,39.0,53.01093823543645,9,218,88.21972113552012,71.0,54.18640260792369,13,228,113.5008258936035,110.0,52.715141639539574
245.JPG,binary_245.tif,4000,6000,4000,6000,1.860320625,2.3731430803872272e-06,0,248,43.95999748699233,40.0,27.608286588934888,2,255,62.234743473319284,56.0,37.473170256139106,2,255,75.54136467739264,72.0,37.890965008328806
246.JPG,binary_246.tif,4000,6000,4000,6000,1.59381375,4.444446874850625e-06,0,204,55.65772702425237,47.0,38.47385902589239,7,208,75.14430089463089,70.0,43.46632570423634,7,214,98.70078530192126,98.0,46.799467155566
247.JPG,binary_247.tif,4000,6000,4000,6000,5.112845625,1.2878466726851767e-06,0,255,56.7122331460966,46.0,39.2679592748331,2,255,65.28778763489461,52.0,46.710059840511875,7,255,89.27736596780193,82.0,52.39772591626998
248.JPG,binary_248.tif,4000,6000,4000,6000,1.7932875,3.4000732741471674e-06,0,233,57.19134376110914,31.0,51.857601448776194,4,239,60.23562033416282,37.0,52.16396028410166,5,252,79.89334044318048,60.0,54.355530201034604
249.JPG,binary_249.tif,4000,6000,4000,6000,3.04960875,2.503204088963452e-06,3,255,103.18029976796204,102.0,53.47460114681416,3,255,111.76824076203218,119.0,52.95813713739536,6,255,140.45174934325593,141.0,57.828557265181644
250.JPG,binary_250.tif,4000,6000,4000,6000,5.9585,1.2891907049827677e-06,0,255,77.42946683309557,63.0,59.83946465389906,0,255,101.6260057061341,96.0,60.36123553431987,0,255,127.06082382310984,125.0,62.59178457761771
